"Mean_A","Mean_B","Radius_A","Radius_B","overlap","r","r_wuchs","t","t_wuchs","SGC","SSGC","p","p_GLK","sum_sims"
"068_Q1","068_Q2","M","M",215,0.41856353,0.67146163,6.74206204,13.22421041,0.71962617,0.04205607,1e-10,NA,2.713508841
"068_Q1","1DH_Q1","C","C",192,0.60144688,0.60534398,10.40434118,10.48300049,0.71727749,0.04188482,1.9e-09,NA,2.370921519
"068_Q1","BECRAA","M","B",165,0.21661985,0.5909736,2.84155753,9.35308166,0.70731707,0.04878049,1.097e-07,NA,2.233598836
"068_Q1","BECRKO","M","B",142,0.83286202,0.65375092,17.86817318,10.22226112,0.73049645,0.04964539,4.4e-08,NA,2.406473482
"068_Q1","ELT_Q1","M","M",144,0.80095974,0.76111487,15.99765194,13.98318096,0.74125874,0.05594406,7.9e-09,NA,2.900691706
"068_Q1","HOL_MBRU","C","H",100,0.61454194,0.68156732,7.75096718,9.22052924,0.72727273,0.04040404,6.1064e-06,NA,2.330892974
"068_Q1","HOL_MRBR","C","H",128,0.34176759,0.59430931,4.09830675,8.29495417,0.71653543,0.06299213,1.0584e-06,NA,2.140340157
"068_Q1","HOL_TMB12","M","H",79,0.60944149,0.71738444,6.78888845,9.03577727,0.73076923,0.05128205,4.57782e-05,NA,2.351731397
"068_Q1","HOL_TRRB","C","H",56,0.56828345,0.72854807,5.12194277,7.81570022,0.8,0.03636364,8.5983e-06,NA,2.310118092
"068_Q1","HORB3_Q1","C","M",233,0.18825694,0.58269451,2.91964817,10.89736063,0.70258621,0.0387931,7e-10,NA,2.375016783
"068_Q1","LANG_Q1","C","C",80,0.60038118,0.52136787,6.6727665,5.39601957,0.7721519,0.03797468,1.3123e-06,NA,1.833121727
"068_Q1","VFH_Q2","C","M",233,0.37708002,0.73510746,6.2012865,16.48005911,0.74568966,0.06896552,0,NA,3.128803031
"068_Q2","068_Q1","M","M",215,0.41856353,0.67146163,6.74206204,13.22421041,0.71962617,0.04205607,1e-10,NA,2.713508841
"068_Q2","ELT_Q1","M","C",144,0.42096206,0.70991487,5.54965798,12.011589,0.71328671,0.08391608,3.377e-07,NA,2.62436048
"068_Q3","VDMLR_Q2","M","C",89,0.3924021,0.62791099,4.00204706,7.52521593,0.76136364,0.04545455,9.409e-07,NA,2.141796223
"195_Q1","FLEV1_Q1","M","C",80,0.46761493,0.56527424,4.70200326,6.05206502,0.73417722,0.03797468,3.14334e-05,NA,1.904657962
"195_Q1","HOL_LKSB","M","H",103,0.47894704,0.61410161,5.51023767,7.8198605,0.70588235,0.04901961,3.20176e-05,NA,2.10197001
"195_Q1","HOL_MRBR","M","H",137,0.20416377,0.67147353,2.4321676,10.52836301,0.71323529,0.06617647,6.577e-07,NA,2.437545121
"195_Q1","HOL_TRRB","M","H",227,-0.01039256,0.65756644,-0.15624286,13.09203822,0.76548673,0.03982301,0,NA,2.732256992
"195_Q1","MAP_Q1","M","M",121,0.66434758,0.62074313,9.73686333,8.63697329,0.7,0.06666667,1.17713e-05,NA,2.184440459
"195_Q1","VALK_Q2","C","C",152,0.54021587,0.58867499,7.88838372,8.91889667,0.72847682,0.04635762,1.96e-08,NA,2.209041477
"195_Q1","VFH_Q2","M","M",169,0.16942065,0.59790842,2.22815316,9.6394993,0.70238095,0.04166667,1.552e-07,NA,2.2642393
"1AH_Q1","CUY_Q1","C","C",83,0.57722358,0.65532797,6.40101701,7.80829422,0.7195122,0.06097561,7.02212e-05,NA,2.155669592
"1AH_Q1","GENP_Q1","C","C",80,0.54583729,0.61233354,5.79014069,6.84035735,0.74683544,0.03797468,1.1448e-05,NA,2.043204715
"1DH_Q1","068_Q1","C","C",192,0.60144688,0.60534398,10.40434118,10.48300049,0.71727749,0.04188482,1.9e-09,NA,2.370921519
"1DH_Q1","HOL_PALZ","C","H",72,0.25305679,0.52796474,2.20403257,5.20127786,0.74647887,0.02816901,3.27091e-05,NA,1.794571396
"1GDGem","VRW_Q1","M","C",167,0.31385879,0.54951644,4.25899604,8.44860666,0.70481928,0.04216867,1.307e-07,NA,2.099196386
"1TN_Q1","HOL_MRBR","C","H",138,0.28446823,0.61018063,3.47310493,8.98170668,0.71532847,0.05839416,4.638e-07,NA,2.223679768
"1TN_Q1","HOL_TMB11","C","H",95,0.51969141,0.57315374,5.89754929,6.74514493,0.71276596,0.03191489,3.69633e-05,NA,1.960434193
"1TN_Q1","HOL_TRRB","C","H",111,0.49828446,0.62158785,6.02764652,8.28443674,0.73636364,0.05454545,7.122e-07,NA,2.186395164
"1TN_Q1","SILL_Q2","C","M",159,0.39246405,0.55734511,5.36352656,8.41102559,0.72151899,0.01265823,2.56e-08,NA,2.119966659
"1TN_Q1","VALK_Q2","C","M",207,0.34013543,0.62454454,5.19139088,11.44973195,0.73300971,0.05825243,0,NA,2.502527445
"1TN_Q1","VDM2W_Q1","C","C",255,0.57100345,0.5708097,11.08511283,11.05770173,0.70472441,0.06299213,1e-10,NA,2.381304283
"1TN_Q1","VEN_Q1","C","C",180,0.6947204,0.7228504,12.92226523,13.95653204,0.75418994,0.06145251,0,NA,2.872693544
"1TN_Q1","VNW_Q1","C","C",227,0.62363921,0.64119182,11.99335486,12.53338546,0.72566372,0.04867257,0,NA,2.620194086
"202_Q1","HOL_KORB","M","H",188,0.34731964,0.73786133,5.06482621,14.90932975,0.7540107,0.02673797,0,NA,2.982805005
"202_Q1","HOL_MB253","C","H",150,0.39793443,0.66066125,5.29467561,10.70662131,0.75167785,0.03355705,8e-10,NA,2.483001231
"202_Q1","HOL_TATE","C","H",183,0.3146548,0.66169771,4.47207938,11.87327269,0.73626374,0.02197802,2e-10,NA,2.585288719
"202_Q1","HOL_TMB12","C","H",142,0.31242277,0.68373816,3.90530184,11.08646689,0.70921986,0.07092199,6.74e-07,NA,2.501604709
"202_Q1","HOL_TRMB32","M","H",133,0.45697469,0.57705577,5.9025962,8.08701703,0.74242424,0.03030303,2.54e-08,NA,2.128181713
"202_Q1","METZ_Q3","C","C",75,0.59959361,0.68050625,6.44491999,7.93491536,0.74324324,0.04054054,2.85273e-05,NA,2.217241026
"202_Q1","STF_Q1","M","M",93,0.42561765,0.54443959,4.5114014,6.19172899,0.7173913,0.07608696,3.04215e-05,NA,1.881003789
"202_Q1","VFH_Q2","C","C",101,0.57800626,0.6286828,7.08312938,8.04374671,0.71,0.04,2.66915e-05,NA,2.143057471
"388_Q1","600_Q1","M","C",66,0.32084707,0.63896528,2.73114463,6.6451973,0.76923077,0.01538462,1.41697e-05,NA,2.07271578
"388_Q1","MEK_Q1","M","C",99,0.24807902,0.50735622,2.53510489,5.79861673,0.70408163,0.04081633,5.33123e-05,NA,1.791299523
"563_Q1","587_Q1","M","M",309,0.38702023,0.6759113,7.36621787,16.06946571,0.72402597,0.04545455,0,NA,3.006883841
"563_Q1","HOL_TMB12","C","H",170,0.23789518,0.62543151,3.18404872,10.38925583,0.71005917,0.07692308,4.72e-08,NA,2.374416263
"563_Q1","HOL_WEDW","M","H",182,0.4279446,0.53442847,6.37018599,8.48319222,0.70718232,0.02209945,2.48e-08,NA,2.089930012
"563_Q1","VRIG_Q1","C","M",96,0.48720121,0.54738677,5.43765684,6.34154615,0.70526316,0.05263158,6.29913e-05,NA,1.886804545
"563_Q1","ZWS6_Q1","M","M",319,0.56511568,0.60529695,12.21492561,13.53895617,0.70125786,0.04402516,0,NA,2.660450427
"585_Q2","600_Q1","M","C",67,0.35768701,0.57606512,3.11173035,5.6818741,0.74242424,0.01515152,8.18466e-05,NA,1.88667677
"587_Q1","563_Q1","M","M",309,0.38702023,0.6759113,7.36621787,16.06946571,0.72402597,0.04545455,0,NA,3.006883841
"600_Q1","388_Q1","C","M",66,0.32084707,0.63896528,2.73114463,6.6451973,0.76923077,0.01538462,1.41697e-05,NA,2.07271578
"600_Q1","585_Q2","C","M",67,0.35768701,0.57606512,3.11173035,5.6818741,0.74242424,0.01515152,8.18466e-05,NA,1.88667677
"600_Q1","MEK_Q1","M","C",104,0.38496865,0.62911109,4.23326426,8.17391577,0.72815534,0.05825243,3.6382e-06,NA,2.174658007
"600_Q1","NOVY_Q2","C","M",85,0.38860348,0.61313291,3.86541135,7.07094904,0.72619048,0.03571429,3.38127e-05,NA,2.046418294
"ABC_Q1","DIF_Q1","C","C",333,0.5967543,0.6293887,13.55066723,14.7353773,0.72891566,0.06626506,0,NA,2.83184209
"ALC_Q1","C5A_Q1","C","M",265,0.36947394,0.5484216,6.46036962,10.63607112,0.72727273,0.03030303,0,NA,2.339301442
"ALC_Q1","VDMM_Q1","C","C",177,0.50784928,0.57220863,7.82101554,9.23001346,0.71022727,0.03977273,2.43e-08,NA,2.205437246
"ALC_Q1","VEL_Q2","M","C",117,0.48808589,0.71384824,6.02299764,10.93126482,0.78448276,0.03448276,9e-10,NA,2.591457482
"ALC_Q1","VOW_Q1","C","M",78,0.49580645,0.53475893,5.00980929,5.51703499,0.75324675,0.01298701,8.8112e-06,NA,1.839709179
"ALC_Q3","RAT_Q1","C","C",72,0.47964833,0.57341889,4.60600479,5.85595895,0.73239437,0.05633803,8.98887e-05,NA,1.891409155
"ALC_Q3","WOS7_Q2","C","M",72,0.54447373,0.61566951,5.46964481,6.53684189,0.73239437,0.04225352,8.98887e-05,NA,2.001748069
"ALC_Q3","ZWS6_Q2","M","C",72,0.43841042,0.52730542,4.11016363,5.19227877,0.76056338,0.04225352,1.12783e-05,NA,1.807096677
"ATTO_Q1","HOL_TMB12","M","H",83,0.69342693,0.69588628,8.71479947,8.72096243,0.76829268,0.02439024,1.1799e-06,NA,2.336275203
"AZW_Q1","HRW_Q1","M","M",76,0.72277943,0.5806525,9.05751063,6.13517462,0.74666667,0.01333333,1.93387e-05,NA,1.940836632
"BAR_Q1","BHC_Q1","M","M",168,0.13008223,0.63909261,1.69543865,10.70577727,0.70658683,0.01197605,9.33e-08,NA,2.416257167
"BAR_Q1","BJG_Q1","C","M",242,0.31612008,0.506966,5.17276699,9.1115926,0.70539419,0.05394191,2e-10,NA,2.12351945
"BECRAA","068_Q1","B","M",165,0.21661985,0.5909736,2.84155753,9.35308166,0.70731707,0.04878049,1.097e-07,NA,2.233598836
"BECRAA","ELT_Q1","B","C",105,0.32969334,0.6150548,3.56134729,7.91661154,0.71153846,0.08653846,1.59925e-05,NA,2.118254414
"BECRKO","068_Q1","B","M",142,0.83286202,0.65375092,17.86817318,10.22226112,0.73049645,0.04964539,4.4e-08,NA,2.406473482
"BECRWE","VFH_Q1","B","C",170,0.34158907,0.53078439,4.72486104,8.1176354,0.72781065,0.04733728,3.2e-09,NA,2.07035858
"BGA_Q1","SWP_Q1","C","M",84,0.26695703,0.50131293,2.52368269,5.24645759,0.72289157,0.03614458,4.88049e-05,NA,1.748850259
"BHC_Q1","BAR_Q1","M","M",168,0.13008223,0.63909261,1.69543865,10.70577727,0.70658683,0.01197605,9.33e-08,NA,2.416257167
"BHC_Q1","F1B_Q1","C","C",115,0.55403589,0.57128685,7.10574877,7.39915805,0.71052632,0.03508772,6.937e-06,NA,2.021728975
"BHC_Q1","OSND_Q1","C","M",184,0.37716209,0.54795774,5.50900965,8.8371797,0.7431694,0.03278689,0,NA,2.17484511
"BJG_Q1","BAR_Q1","M","C",242,0.31612008,0.506966,5.17276699,9.1115926,0.70539419,0.05394191,2e-10,NA,2.12351945
"BOUX_Q1","TROY_Q1","M","M",193,0.23163127,0.50833188,3.29930614,8.15792207,0.72916667,0.03645833,2e-10,NA,2.053290757
"BSN_Q1","HOL_TRPB","M","H",68,0.58836233,0.52493266,5.95593459,5.01040275,0.74626866,0.04477612,5.54004e-05,NA,1.772241595
"C4A_Q1","FLEV1_Q1","C","C",68,0.61543728,0.7519163,6.39134939,9.26585864,0.76119403,0.02985075,1.90341e-05,NA,2.439696194
"C4A_Q1","HOL_KBMB","C","H",301,0.38452629,0.59985343,7.21491648,12.96376332,0.70666667,0.03,0,NA,2.602896432
"C4A_Q1","HOL_MBUF","C","H",124,0.3807134,0.76103648,4.5661808,12.95792329,0.80487805,0.03252033,0,NA,2.861706859
"C4A_Q1","HOL_MRBR","C","H",138,0.22625745,0.61619232,2.71878016,9.12393918,0.73722628,0.05109489,2.8e-08,NA,2.265812518
"C4A_Q1","HOL_TRRB","C","H",75,0.4855383,0.71402639,4.77772235,8.71372718,0.75675676,0.02702703,9.9891e-06,NA,2.342155868
"C4A_Q1","MMB_Q1","M","M",106,0.40405032,0.5356188,4.52620239,6.46834913,0.71428571,0,1.12545e-05,NA,1.896739423
"C4A_Q1","SILL_Q2","M","C",123,0.26738448,0.52136136,3.06495335,6.72065273,0.70491803,0.04098361,5.9887e-06,NA,1.898344663
"C4A_Q1","VFH_Q2","C","C",302,0.58865499,0.63305889,12.63357222,14.16464292,0.73754153,0.03322259,0,NA,2.787064712
"C4CRH_Q1","LRC_Q1","C","C",133,0.76050072,0.74888511,13.45601243,12.93403318,0.70454545,0.08333333,2.6004e-06,NA,2.746833878
"C5A_Q1","ALC_Q1","M","C",265,0.36947394,0.5484216,6.46036962,10.63607112,0.72727273,0.03030303,0,NA,2.339301442
"C5A_Q1","SPR_Q1","C","C",224,0.78229551,0.71771275,18.75425073,15.35699501,0.74439462,0.07174888,0,NA,2.997806871
"C5A_Q1","VDMWL_Q2","M","M",159,0.54992471,0.63173639,8.27625557,10.21130661,0.74683544,0.03797468,5e-10,NA,2.399702491
"C5A_Q1","VEL_Q2","C","C",117,0.66577832,0.67553246,9.61020687,9.82501211,0.70689655,0.03448276,8.3236e-06,NA,2.364930221
"C5A_Q1","VZS_Q1","M","M",136,0.62812566,0.65189927,9.37932007,9.95150236,0.74814815,0.05185185,8.1e-09,NA,2.395197656
"C5A_Q1","WOS7_Q2","M","M",220,0.53519215,0.55435589,9.37591571,9.83439394,0.70776256,0.02739726,8e-10,NA,2.245557844
"CAO_Q1","ZLF_Q1","C","C",243,0.42987188,0.56087022,7.40648128,10.51698038,0.71900826,0.0661157,0,NA,2.331576518
"CUY_Q1","1AH_Q1","C","C",83,0.57722358,0.65532797,6.40101701,7.80829422,0.7195122,0.06097561,7.02212e-05,NA,2.155669592
"CUY_Q1","STF_Q1","M","C",102,0.32310623,0.57884208,3.43121869,7.09852741,0.71287129,0.04950495,1.88022e-05,NA,2.001566111
"DAAH_Q1","FLOR_Q2","M","M",77,0.3564841,0.50196173,3.32628886,5.02620784,0.72368421,0.03947368,9.61659e-05,NA,1.728266724
"DAMP_Q1","SILL_Q2","M","M",188,0.53953394,0.58199706,8.76286503,9.76078515,0.72727273,0.02673797,5e-10,NA,2.285348305
"DAMP_Q1","VEND_Q1","M","C",220,0.35641228,0.5355654,5.64514342,9.36363154,0.71689498,0.0456621,1e-10,NA,2.188823534
"DEU_Q1","EMP_Q1","C","C",101,0.5035844,0.54965812,5.82888729,6.54668031,0.7,0.09,6.33425e-05,NA,1.904326151
"DEU_Q1","NEW_Q1","M","C",181,0.45332434,0.57428363,6.8233736,9.38536753,0.7,0.05555556,8.03e-08,NA,2.212820383
"DEU_Q1","OSND_Q1","C","M",59,0.46841711,0.62058829,4.0377231,5.97515653,0.75862069,0,8.17561e-05,NA,1.976724633
"DIF_Q1","ABC_Q1","C","C",333,0.5967543,0.6293887,13.55066723,14.7353773,0.72891566,0.06626506,0,NA,2.83184209
"DIF_Q1","VEL_Q1","M","M",109,0.07422844,0.51391121,0.77353859,6.19686422,0.72222222,0.02777778,3.8596e-06,NA,1.855819852
"DMN1_Q1","MEK_Q1","C","M",186,0.2646924,0.54730705,3.73336414,8.87053542,0.72432432,0.03243243,1e-09,NA,2.158684912
"DMN1_Q1","POM4_Q1","C","M",95,0.30055591,0.63293165,3.05526001,7.88389466,0.72340426,0.04255319,1.47782e-05,NA,2.144725376
"DMN1_Q3","VFH_Q2","C","C",216,0.66113343,0.67505554,12.92086901,13.38527265,0.73023256,0.04651163,0,NA,2.743815365
"ELT_Q1","068_Q1","M","M",144,0.80095974,0.76111487,15.99765194,13.98318096,0.74125874,0.05594406,7.9e-09,NA,2.900691706
"ELT_Q1","068_Q2","C","M",144,0.42096206,0.70991487,5.54965798,12.011589,0.71328671,0.08391608,3.377e-07,NA,2.62436048
"ELT_Q1","BECRAA","C","B",105,0.32969334,0.6150548,3.56134729,7.91661154,0.71153846,0.08653846,1.59925e-05,NA,2.118254414
"ELT_Q1","HOL_KBMB","C","H",144,0.57837921,0.65341022,8.47840217,10.28565387,0.72727273,0.06293706,5.46e-08,NA,2.409248337
"EMP_Q1","DEU_Q1","C","C",101,0.5035844,0.54965812,5.82888729,6.54668031,0.7,0.09,6.33425e-05,NA,1.904326151
"EMP_Q1","F1B_Q1","M","C",115,0.46950124,0.55461443,5.67756348,7.08518126,0.72807018,0.02631579,1.1146e-06,NA,1.991202736
"EMP_Q1","MAV_Q1","C","C",84,0.45777102,0.6166996,4.69084761,7.09408342,0.72289157,0.03614458,4.88049e-05,NA,2.048999512
"EMP_Q1","OSND_Q1","C","M",155,0.34855683,0.62377271,4.61488695,9.87152651,0.71428571,0.06493506,1.047e-07,NA,2.325211071
"F1B_Q1","BHC_Q1","C","C",115,0.55403589,0.57128685,7.10574877,7.39915805,0.71052632,0.03508772,6.937e-06,NA,2.021728975
"F1B_Q1","EMP_Q1","C","M",115,0.46950124,0.55461443,5.67756348,7.08518126,0.72807018,0.02631579,1.1146e-06,NA,1.991202736
"FLEV1_Q1","195_Q1","C","M",80,0.46761493,0.56527424,4.70200326,6.05206502,0.73417722,0.03797468,3.14334e-05,NA,1.904657962
"FLEV1_Q1","C4A_Q1","C","C",68,0.61543728,0.7519163,6.39134939,9.26585864,0.76119403,0.02985075,1.90341e-05,NA,2.439696194
"FLEV1_Q1","HOL_MBUF","C","H",63,0.44438548,0.84765636,3.90595603,12.47848853,0.83870968,0.03225806,9.61e-08,NA,2.934214893
"FLEV1_Q1","HOL_PALZ","C","H",80,0.43160258,0.82987598,4.25265636,13.13611242,0.75949367,0.03797468,3.9717e-06,NA,2.902980892
"FLEV1_Q1","OSH_Q1","C","C",80,0.41936356,0.57573332,4.10587064,6.21881794,0.73417722,0.02531646,3.14334e-05,NA,1.931792334
"FLEV1_Q1","SILL_Q2","C","M",80,0.58280378,0.71194598,6.37458892,8.95390228,0.72151899,0.02531646,8.22295e-05,NA,2.328855198
"FLEV1_Q1","VIGO_Q1","C","C",61,0.72394278,0.77454568,8.12865863,9.4058958,0.8,0.05,3.3585e-06,NA,2.51513526
"FLEV1_Q2","ILLA_Q1","C","C",150,0.63311285,0.59890601,9.98389292,9.09818963,0.73825503,0.0738255,6e-09,NA,2.246980003
"FLEV1_Q2","VIGN_Q1","M","C",63,0.37588378,0.5341267,3.19393317,4.93451734,0.75806452,0.03225806,4.8238e-05,NA,1.785642954
"FLOR_Q1","IALP_Q1","C","M",133,0.35202173,0.50033837,4.32100112,6.61404041,0.73484848,0.04545455,6.8e-08,NA,1.896590891
"FLOR_Q2","DAAH_Q1","M","M",77,0.3564841,0.50196173,3.32628886,5.02620784,0.72368421,0.03947368,9.61659e-05,NA,1.728266724
"FLOR_Q2","HOL_MBUF","M","H",102,0.47382468,0.62145415,5.40742135,7.93227036,0.72277228,0.02970297,7.5463e-06,NA,2.137453466
"GENP_Q1","1AH_Q1","C","C",80,0.54583729,0.61233354,5.79014069,6.84035735,0.74683544,0.03797468,1.1448e-05,NA,2.043204715
"HOK_Q1","POM3_Q1","M","M",147,0.57907923,0.52315894,8.5824696,7.39193638,0.70547945,0.02054795,6.848e-07,NA,1.967832028
"HOK_Q1","VDM2W_Q1","C","M",83,0.3243698,0.53461187,3.10519,5.69343254,0.7195122,0.03658537,7.02212e-05,NA,1.823467324
"HOL_AAHO","HOL_KMBQ","H","H",122,0.32115421,0.5916217,3.73030195,8.03865634,0.75206612,0.0661157,2.93e-08,NA,2.147553454
"HOL_AAHO","HOL_TRRB","H","H",101,0.15842218,0.53383623,1.60448405,6.28155102,0.7,0.04,6.33425e-05,NA,1.861991332
"HOL_AAHO","ZWS6_Q1","H","C",187,0.42593547,0.60649226,6.42051679,10.37516872,0.7311828,0.03225806,3e-10,NA,2.375191932
"HOL_GKZB","HOL_KORH","H","H",75,0.01512635,0.53991249,0.13013666,5.48045426,0.75675676,0.01351351,9.9891e-06,NA,1.844714676
"HOL_KBMB","C4A_Q1","H","C",301,0.38452629,0.59985343,7.21491648,12.96376332,0.70666667,0.03,0,NA,2.602896432
"HOL_KBMB","ELT_Q1","H","C",144,0.57837921,0.65341022,8.47840217,10.28565387,0.72727273,0.06293706,5.46e-08,NA,2.409248337
"HOL_KBMB","HOL_MBUF","H","H",124,0.72334628,0.63684986,11.61834526,9.12366726,0.72357724,0.02439024,7.079e-07,NA,2.272793826
"HOL_KBMB","HOL_TRRB","H","H",87,0.10765153,0.66912327,1.0041547,8.30115022,0.76744186,0.04651163,7.038e-07,NA,2.266680152
"HOL_KBMB","VFH_Q2","H","C",313,0.40948669,0.64786564,7.92814809,14.99857635,0.70192308,0.04166667,0,NA,2.849646355
"HOL_KMBQ","HOL_AAHO","H","H",122,0.32115421,0.5916217,3.73030195,8.03865634,0.75206612,0.0661157,2.93e-08,NA,2.147553454
"HOL_KORB","202_Q1","H","M",188,0.34731964,0.73786133,5.06482621,14.90932975,0.7540107,0.02673797,0,NA,2.982805005
"HOL_KORB","HOL_MB253","H","H",105,0.59283562,0.61064645,7.50724497,7.82593561,0.70192308,0.02884615,3.81448e-05,NA,2.095163091
"HOL_KORH","HOL_GKZB","H","H",75,0.01512635,0.53991249,0.13013666,5.48045426,0.75675676,0.01351351,9.9891e-06,NA,1.844714676
"HOL_KORH","HOL_LKBB","H","H",85,0.17696173,0.57718757,1.6478885,6.43932685,0.71428571,0,8.5683e-05,NA,1.935405965
"HOL_KORH","WOS7_Q1","H","C",85,0.32938441,0.54944783,3.19727924,5.99107134,0.71428571,0,8.5683e-05,NA,1.862840674
"HOL_LKBB","HOL_KORH","H","H",85,0.17696173,0.57718757,1.6478885,6.43932685,0.71428571,0,8.5683e-05,NA,1.935405965
"HOL_LKBB","HOL_MBRU","H","H",100,0.64967054,0.68243278,8.50303237,9.24243121,0.72727273,0.02020202,6.1064e-06,NA,2.333948631
"HOL_LKBB","HOL_MRBR","H","H",73,0.68651544,0.64394581,8.01149035,7.09213013,0.73611111,0.05555556,6.15109e-05,NA,2.089269933
"HOL_LKSB","195_Q1","H","M",103,0.47894704,0.61410161,5.51023767,7.8198605,0.70588235,0.04901961,3.20176e-05,NA,2.10197001
"HOL_LKSB","HOL_MRBR","H","H",104,0.41136567,0.63087496,4.58040725,8.21194982,0.73786408,0.05825243,1.3783e-06,NA,2.189934022
"HOL_MB253","202_Q1","H","C",150,0.39793443,0.66066125,5.29467561,10.70662131,0.75167785,0.03355705,8e-10,NA,2.483001231
"HOL_MB253","HOL_KORB","H","H",105,0.59283562,0.61064645,7.50724497,7.82593561,0.70192308,0.02884615,3.81448e-05,NA,2.095163091
"HOL_MB253","HOL_TRMB32","H","H",71,0.51783958,0.67564641,5.06448799,7.61278339,0.8,0.01428571,5.168e-07,NA,2.236924749
"HOL_MB253","METZ_Q3","H","C",75,0.4251929,0.59246517,4.04114078,6.28357668,0.72972973,0.02702703,7.73649e-05,NA,1.950552568
"HOL_MBRU","068_Q1","H","C",100,0.61454194,0.68156732,7.75096718,9.22052924,0.72727273,0.04040404,6.1064e-06,NA,2.330892974
"HOL_MBRU","HOL_LKBB","H","H",100,0.64967054,0.68243278,8.50303237,9.24243121,0.72727273,0.02020202,6.1064e-06,NA,2.333948631
"HOL_MBRU","HOL_MRBR","H","H",73,0.77586171,0.8014528,10.43489214,11.29181596,0.76388889,0.08333333,7.5225e-06,NA,2.694523286
"HOL_MBRU","HOL_TRRS","H","H",100,0.46034865,0.58457335,5.15964188,7.13261357,0.70707071,0.05050505,3.77797e-05,NA,2.004905417
"HOL_MBRU","SARR6_Q1","H","C",100,0.38588955,0.59608241,4.16191363,7.34928867,0.71717172,0.1010101,1.54858e-05,NA,2.048182997
"HOL_MBRU","VFH_Q2","H","M",100,0.72037828,0.73382222,10.33429326,10.69339746,0.71717172,0.08080808,1.54858e-05,NA,2.520333686
"HOL_MBUF","C4A_Q1","H","C",124,0.3807134,0.76103648,4.5661808,12.95792329,0.80487805,0.03252033,0,NA,2.861706859
"HOL_MBUF","FLEV1_Q1","H","C",63,0.44438548,0.84765636,3.90595603,12.47848853,0.83870968,0.03225806,9.61e-08,NA,2.934214893
"HOL_MBUF","FLOR_Q2","H","M",102,0.47382468,0.62145415,5.40742135,7.93227036,0.72277228,0.02970297,7.5463e-06,NA,2.137453466
"HOL_MBUF","HOL_KBMB","H","H",124,0.72334628,0.63684986,11.61834526,9.12366726,0.72357724,0.02439024,7.079e-07,NA,2.272793826
"HOL_MBUF","HOL_MRBR","H","H",120,0.64629113,0.62417914,9.23900888,8.67846371,0.76470588,0.02521008,7.7e-09,NA,2.256731391
"HOL_MBUF","HOL_PALZ","H","H",124,0.6086917,0.71499699,8.50851943,11.29607925,0.74796748,0.02439024,3.79e-08,NA,2.592572395
"HOL_MBUF","HOL_TRRS","H","H",124,0.44676383,0.6705933,5.53829979,9.98475809,0.71544715,0.03252033,1.763e-06,NA,2.384516259
"HOL_MBUF","SILL_Q2","H","M",118,0.38848348,0.61634129,4.56027494,8.42968203,0.70940171,0.01709402,5.8969e-06,NA,2.168711203
"HOL_MBUF","TROY_Q1","H","C",124,0.20565149,0.52006764,2.3306013,6.72540245,0.71544715,0.04065041,1.763e-06,NA,1.908055035
"HOL_MBUF","VALK_Q2","H","C",124,0.21164266,0.57018774,2.40163462,7.66624331,0.71544715,0.02439024,1.763e-06,NA,2.052259221
"HOL_MBUF","VEND_Q3","H","C",78,0.38104095,0.55025297,3.61645256,5.74491699,0.72727273,0,6.64587e-05,NA,1.852017399
"HOL_MBUF","VFH_Q2","H","C",124,0.34270367,0.68484569,4.04576469,10.38080311,0.7398374,0.04065041,1.039e-07,NA,2.462763401
"HOL_MRBR","068_Q1","H","C",128,0.34176759,0.59430931,4.09830675,8.29495417,0.71653543,0.06299213,1.0584e-06,NA,2.140340157
"HOL_MRBR","195_Q1","H","M",137,0.20416377,0.67147353,2.4321676,10.52836301,0.71323529,0.06617647,6.577e-07,NA,2.437545121
"HOL_MRBR","1TN_Q1","H","C",138,0.28446823,0.61018063,3.47310493,8.98170668,0.71532847,0.05839416,4.638e-07,NA,2.223679768
"HOL_MRBR","C4A_Q1","H","C",138,0.22625745,0.61619232,2.71878016,9.12393918,0.73722628,0.05109489,2.8e-08,NA,2.265812518
"HOL_MRBR","HOL_LKBB","H","H",73,0.68651544,0.64394581,8.01149035,7.09213013,0.73611111,0.05555556,6.15109e-05,NA,2.089269933
"HOL_MRBR","HOL_LKSB","H","H",104,0.41136567,0.63087496,4.58040725,8.21194982,0.73786408,0.05825243,1.3783e-06,NA,2.189934022
"HOL_MRBR","HOL_MBRU","H","H",73,0.77586171,0.8014528,10.43489214,11.29181596,0.76388889,0.08333333,7.5225e-06,NA,2.694523286
"HOL_MRBR","HOL_MBUF","H","H",120,0.64629113,0.62417914,9.23900888,8.67846371,0.76470588,0.02521008,7.7e-09,NA,2.256731391
"HOL_MRBR","HOL_TRRB","H","H",66,0.15306616,0.7337018,1.2487745,8.63849837,0.83076923,0.03076923,9.63e-08,NA,2.428320867
"HOL_MRBR","HOL_TRRS","H","H",138,0.37720843,0.62462669,4.76727794,9.32784891,0.7080292,0.05839416,1.1169e-06,NA,2.265440781
"HOL_MRBR","VALK_Q2","H","M",138,0.33044474,0.64199518,4.09795795,9.76496841,0.71532847,0.08759124,4.638e-07,NA,2.333820491
"HOL_MRBR","VFH_Q2","H","C",138,0.38903449,0.68159357,4.94291932,10.86284294,0.75182482,0.05839416,3.7e-09,NA,2.519702684
"HOL_MRBR","VNW_Q1","H","C",138,0.22279353,0.60033426,2.67496492,8.75404491,0.75182482,0.04379562,3.7e-09,NA,2.227563571
"HOL_PALZ","1DH_Q1","H","C",72,0.25305679,0.52796474,2.20403257,5.20127786,0.74647887,0.02816901,3.27091e-05,NA,1.794571396
"HOL_PALZ","FLEV1_Q1","H","C",80,0.43160258,0.82987598,4.25265636,13.13611242,0.75949367,0.03797468,3.9717e-06,NA,2.902980892
"HOL_PALZ","HOL_MBUF","H","H",124,0.6086917,0.71499699,8.50851943,11.29607925,0.74796748,0.02439024,3.79e-08,NA,2.592572395
"HOL_PALZ","HOL_TRRB","H","H",187,0.1950435,0.76867739,2.7121262,16.34543987,0.75268817,0.03225806,0,NA,3.155909547
"HOL_PALZ","MAP_Q1","H","C",121,0.35926607,0.57191782,4.21711775,7.60551473,0.7,0.01666667,1.17713e-05,NA,2.032469293
"HOL_TATE","202_Q1","H","C",183,0.3146548,0.66169771,4.47207938,11.87327269,0.73626374,0.02197802,2e-10,NA,2.585288719
"HOL_TITE","ILLA_Q1","H","M",84,0.36677972,0.56636813,3.59184586,6.22297738,0.77108434,0.03614458,7.837e-07,NA,1.959750208
"HOL_TITE","TROY_Q1","H","C",84,0.52101536,0.58416997,5.56111631,6.51759463,0.72289157,0.02409639,4.88049e-05,NA,1.958821003
"HOL_TITE","VEND_Q1","H","C",84,0.44264638,0.55807446,4.49728705,6.09018414,0.72289157,0.04819277,4.88049e-05,NA,1.889984444
"HOL_TITE","VEND_Q3","H","C",84,0.49753896,0.54018957,5.22547622,5.81268273,0.72289157,0.01204819,4.88049e-05,NA,1.844349413
"HOL_TMB11","1TN_Q1","H","C",95,0.51969141,0.57315374,5.89754929,6.74514493,0.71276596,0.03191489,3.69633e-05,NA,1.960434193
"HOL_TMB11","HOL_TRRS","H","H",95,0.29229068,0.52880715,2.96327076,6.00845882,0.71276596,0.05319149,3.69633e-05,NA,1.842418992
"HOL_TMB12","068_Q1","H","M",79,0.60944149,0.71738444,6.78888845,9.03577727,0.73076923,0.05128205,4.57782e-05,NA,2.351731397
"HOL_TMB12","202_Q1","H","C",142,0.31242277,0.68373816,3.90530184,11.08646689,0.70921986,0.07092199,6.74e-07,NA,2.501604709
"HOL_TMB12","563_Q1","H","C",170,0.23789518,0.62543151,3.18404872,10.38925583,0.71005917,0.07692308,4.72e-08,NA,2.374416263
"HOL_TMB12","ATTO_Q1","H","M",83,0.69342693,0.69588628,8.71479947,8.72096243,0.76829268,0.02439024,1.1799e-06,NA,2.336275203
"HOL_TMB12","WOS7_Q1","H","C",87,0.44276575,0.64003508,4.57937729,7.67991796,0.72093023,0.04651163,4.17374e-05,NA,2.128957106
"HOL_TRMB32","202_Q1","H","M",133,0.45697469,0.57705577,5.9025962,8.08701703,0.74242424,0.03030303,2.54e-08,NA,2.128181713
"HOL_TRMB32","HOL_MB253","H","H",71,0.51783958,0.67564641,5.06448799,7.61278339,0.8,0.01428571,5.168e-07,NA,2.236924749
"HOL_TRMB32","HOL_WEDW","H","H",90,0.12963568,0.56052319,1.23338823,6.34938743,0.73033708,0.02247191,1.38648e-05,NA,1.925799013
"HOL_TRMB32","SARR2_Q1","H","C",64,0.48729663,0.53596539,4.42926644,4.99881071,0.76190476,0.04761905,3.21596e-05,NA,1.797751221
"HOL_TRPB","BSN_Q1","H","M",68,0.58836233,0.52493266,5.95593459,5.01040275,0.74626866,0.04477612,5.54004e-05,NA,1.772241595
"HOL_TRPB","SILL_Q2","H","C",68,0.40514271,0.62743798,3.62726111,6.5462299,0.7761194,0.04477612,6.1761e-06,NA,2.05818037
"HOL_TRPB","TROY_Q1","H","M",68,0.35888884,0.58316855,3.14730422,5.83206354,0.79104478,0.01492537,1.8922e-06,NA,1.957419684
"HOL_TRRB","068_Q1","H","C",56,0.56828345,0.72854807,5.12194277,7.81570022,0.8,0.03636364,8.5983e-06,NA,2.310118092
"HOL_TRRB","195_Q1","H","M",227,-0.01039256,0.65756644,-0.15624286,13.09203822,0.76548673,0.03982301,0,NA,2.732256992
"HOL_TRRB","1TN_Q1","H","C",111,0.49828446,0.62158785,6.02764652,8.28443674,0.73636364,0.05454545,7.122e-07,NA,2.186395164
"HOL_TRRB","C4A_Q1","H","C",75,0.4855383,0.71402639,4.77772235,8.71372718,0.75675676,0.02702703,9.9891e-06,NA,2.342155868
"HOL_TRRB","HOL_AAHO","H","H",101,0.15842218,0.53383623,1.60448405,6.28155102,0.7,0.04,6.33425e-05,NA,1.861991332
"HOL_TRRB","HOL_KBMB","H","H",87,0.10765153,0.66912327,1.0041547,8.30115022,0.76744186,0.04651163,7.038e-07,NA,2.266680152
"HOL_TRRB","HOL_MRBR","H","H",66,0.15306616,0.7337018,1.2487745,8.63849837,0.83076923,0.03076923,9.63e-08,NA,2.428320867
"HOL_TRRB","HOL_PALZ","H","H",187,0.1950435,0.76867739,2.7121262,16.34543987,0.75268817,0.03225806,0,NA,3.155909547
"HOL_TRRB","HOL_TRRS","H","H",101,0.14777387,0.63842961,1.49414268,8.25316057,0.73,0.06,4.2249e-06,NA,2.193745667
"HOL_TRRB","HORB1_Q1","H","C",51,0.46049476,0.57721109,3.6682748,4.94795793,0.82,0.02,6.0258e-06,NA,1.892006883
"HOL_TRRB","HORB2_Q1","H","M",97,-0.17862897,0.54237467,-1.77880883,6.29232629,0.70833333,0.05208333,4.45571e-05,NA,1.879940629
"HOL_TRRB","HORB3_Q1","H","C",72,0.5149394,0.77015767,5.06162152,10.10200739,0.78873239,0.05633803,1.1399e-06,NA,2.569090799
"HOL_TRRB","ILLA_Q1","H","M",150,0.31328981,0.60986841,4.02691411,9.36194844,0.72483221,0.04697987,4.05e-08,NA,2.270895464
"HOL_TRRB","MAP_Q1","H","C",121,0.59169946,0.5698739,8.04028205,7.56522704,0.725,0.01666667,8.244e-07,NA,2.051396604
"HOL_TRRB","OFBG_Q1","H","C",62,0.57289432,0.71127608,5.45911178,7.83812893,0.80327869,0.01639344,2.1652e-06,NA,2.298367663
"HOL_TRRB","VALK_Q2","H","C",81,0.55273128,0.74678447,5.93234808,9.98030909,0.7625,0.0625,2.6564e-06,NA,2.507315379
"HOL_TRRB","VEN_Q1","H","C",68,0.3662437,0.64958998,3.2216795,6.94120736,0.76119403,0.02985075,1.90341e-05,NA,2.104904746
"HOL_TRRB","VFH_Q2","H","M",98,-0.18718544,0.72813751,-1.87673482,10.40842999,0.79381443,0.03092784,7.1e-09,NA,2.562794939
"HOL_TRRB","VNW_Q1","H","M",81,0.16493729,0.66125322,1.49572935,7.83476251,0.725,0.0625,5.69941e-05,NA,2.169729471
"HOL_TRRS","HOL_MBRU","H","H",100,0.46034865,0.58457335,5.15964188,7.13261357,0.70707071,0.05050505,3.77797e-05,NA,2.004905417
"HOL_TRRS","HOL_MBUF","H","H",124,0.44676383,0.6705933,5.53829979,9.98475809,0.71544715,0.03252033,1.763e-06,NA,2.384516259
"HOL_TRRS","HOL_MRBR","H","H",138,0.37720843,0.62462669,4.76727794,9.32784891,0.7080292,0.05839416,1.1169e-06,NA,2.265440781
"HOL_TRRS","HOL_TMB11","H","H",95,0.29229068,0.52880715,2.96327076,6.00845882,0.71276596,0.05319149,3.69633e-05,NA,1.842418992
"HOL_TRRS","HOL_TRRB","H","H",101,0.14777387,0.63842961,1.49414268,8.25316057,0.73,0.06,4.2249e-06,NA,2.193745667
"HOL_TRRS","SARR6_Q1","H","M",251,0.25879245,0.57738001,4.2361821,11.15881901,0.708,0.04,0,NA,2.401261911
"HOL_TRRS","SILL_Q2","H","C",149,0.34159066,0.55345348,4.42159377,8.05670207,0.7027027,0.05405405,8.14e-07,NA,2.061826387
"HOL_TRRS","VFH_Q2","H","C",262,0.42128707,0.61943169,7.5045713,12.72279299,0.70498084,0.03831418,0,NA,2.596691829
"HOL_WEDW","563_Q1","H","M",182,0.4279446,0.53442847,6.37018599,8.48319222,0.70718232,0.02209945,2.48e-08,NA,2.089930012
"HOL_WEDW","HOL_TRMB32","H","H",90,0.12963568,0.56052319,1.23338823,6.34938743,0.73033708,0.02247191,1.38648e-05,NA,1.925799013
"HOL_WEDW","METZ_Q3","H","C",75,0.46827671,0.59361733,4.55902126,6.3024352,0.74324324,0.04054054,2.85273e-05,NA,1.96710409
"HORB1_Q1","HOL_TRRB","C","H",51,0.46049476,0.57721109,3.6682748,4.94795793,0.82,0.02,6.0258e-06,NA,1.892006883
"HORB1_Q1","HORB2_Q1","M","M",172,0.31539079,0.54516315,4.34608584,8.47883064,0.70175439,0.05847953,1.316e-07,NA,2.094800604
"HORB1_Q1","HORB3_Q1","C","M",178,0.31334766,0.70840981,4.38990161,13.31552881,0.71186441,0.03954802,1.73e-08,NA,2.751827101
"HORB1_Q1","SAND_Q1","C","C",178,0.52465347,0.55415101,8.19914261,8.83169293,0.71751412,0.03954802,7.1e-09,NA,2.154834423
"HORB2_Q1","HOL_TRRB","M","H",97,-0.17862897,0.54237467,-1.77880883,6.29232629,0.70833333,0.05208333,4.45571e-05,NA,1.879940629
"HORB2_Q1","HORB1_Q1","M","M",172,0.31539079,0.54516315,4.34608584,8.47883064,0.70175439,0.05847953,1.316e-07,NA,2.094800604
"HORB2_Q1","HORB3_Q1","M","C",193,0.37382279,0.63987103,5.58473288,11.50734833,0.75520833,0.046875,0,NA,2.545814193
"HORB3_Q1","068_Q1","M","C",233,0.18825694,0.58269451,2.91964817,10.89736063,0.70258621,0.0387931,7e-10,NA,2.375016783
"HORB3_Q1","HOL_TRRB","C","H",72,0.5149394,0.77015767,5.06162152,10.10200739,0.78873239,0.05633803,1.1399e-06,NA,2.569090799
"HORB3_Q1","HORB1_Q1","M","C",178,0.31334766,0.70840981,4.38990161,13.31552881,0.71186441,0.03954802,1.73e-08,NA,2.751827101
"HORB3_Q1","HORB2_Q1","C","M",193,0.37382279,0.63987103,5.58473288,11.50734833,0.75520833,0.046875,0,NA,2.545814193
"HRW_Q1","AZW_Q1","M","M",76,0.72277943,0.5806525,9.05751063,6.13517462,0.74666667,0.01333333,1.93387e-05,NA,1.940836632
"IALP_Q1","FLOR_Q1","M","C",133,0.35202173,0.50033837,4.32100112,6.61404041,0.73484848,0.04545455,6.8e-08,NA,1.896590891
"IALP_Q1","NOVY_Q1","M","C",109,0.37140973,0.55875004,4.15716935,6.96913493,0.71296296,0.02777778,9.584e-06,NA,1.968626493
"IJS_Q1","VDMM_Q1","C","M",137,0.43802325,0.53489753,5.68230439,7.3556908,0.70588235,0.02941176,1.5712e-06,NA,1.97634896
"ILLA_Q1","FLEV1_Q2","C","C",150,0.63311285,0.59890601,9.98389292,9.09818963,0.73825503,0.0738255,6e-09,NA,2.246980003
"ILLA_Q1","HOL_TITE","M","H",84,0.36677972,0.56636813,3.59184586,6.22297738,0.77108434,0.03614458,7.837e-07,NA,1.959750208
"ILLA_Q1","HOL_TRRB","M","H",150,0.31328981,0.60986841,4.02691411,9.36194844,0.72483221,0.04697987,4.05e-08,NA,2.270895464
"ILLA_Q1","TROY_Q1","M","M",150,0.04042319,0.56711682,0.49383149,8.37659172,0.72483221,0.03355705,4.05e-08,NA,2.129608202
"IWRD_Q1","RAT_Q1","M","C",84,0.37613222,0.58073271,3.69830921,6.45964289,0.73493976,0.06024096,1.86218e-05,NA,1.961636759
"IWRD_Q1","VDMWL_Q3","C","M",82,0.36725259,0.51275149,3.55359402,5.34186457,0.74074074,0.01234568,1.46868e-05,NA,1.787678687
"IWRD_Q1","VOW_Q1","M","M",76,0.04792916,0.50000567,0.41555625,4.96662995,0.73333333,0.02666667,5.31213e-05,NA,1.730001995
"LANG_Q1","068_Q1","C","C",80,0.60038118,0.52136787,6.6727665,5.39601957,0.7721519,0.03797468,1.3123e-06,NA,1.833121727
"LRC_Q1","C4CRH_Q1","C","C",133,0.76050072,0.74888511,13.45601243,12.93403318,0.70454545,0.08333333,2.6004e-06,NA,2.746833878
"MAP_Q1","195_Q1","M","M",121,0.66434758,0.62074313,9.73686333,8.63697329,0.7,0.06666667,1.17713e-05,NA,2.184440459
"MAP_Q1","HOL_PALZ","C","H",121,0.35926607,0.57191782,4.21711775,7.60551473,0.7,0.01666667,1.17713e-05,NA,2.032469293
"MAP_Q1","HOL_TRRB","C","H",121,0.59169946,0.5698739,8.04028205,7.56522704,0.725,0.01666667,8.244e-07,NA,2.051396604
"MAP_Q1","VRIG_Q1","C","M",121,0.44858067,0.51425091,5.49817858,6.54099225,0.725,0.05,8.244e-07,NA,1.893350135
"MAV_Q1","EMP_Q1","C","C",84,0.45777102,0.6166996,4.69084761,7.09408342,0.72289157,0.03614458,4.88049e-05,NA,2.048999512
"MAV_Q1","RAT_Q1","C","C",102,0.47695246,0.56485598,5.45358312,6.84516679,0.77227723,0.02970297,4.43e-08,NA,2.021649889
"MEK_Q1","388_Q1","C","M",99,0.24807902,0.50735622,2.53510489,5.79861673,0.70408163,0.04081633,5.33123e-05,NA,1.791299523
"MEK_Q1","600_Q1","C","M",104,0.38496865,0.62911109,4.23326426,8.17391577,0.72815534,0.05825243,3.6382e-06,NA,2.174658007
"MEK_Q1","DMN1_Q1","M","C",186,0.2646924,0.54730705,3.73336414,8.87053542,0.72432432,0.03243243,1e-09,NA,2.158684912
"MEK_Q1","NOVY_Q2","M","M",85,0.15515846,0.56314987,1.43948353,6.20864009,0.71428571,0.01190476,8.5683e-05,NA,1.898299589
"METZ_Q3","202_Q1","C","C",75,0.59959361,0.68050625,6.44491999,7.93491536,0.74324324,0.04054054,2.85273e-05,NA,2.217241026
"METZ_Q3","HOL_MB253","C","H",75,0.4251929,0.59246517,4.04114078,6.28357668,0.72972973,0.02702703,7.73649e-05,NA,1.950552568
"METZ_Q3","HOL_WEDW","C","H",75,0.46827671,0.59361733,4.55902126,6.3024352,0.74324324,0.04054054,2.85273e-05,NA,1.96710409
"METZ_Q3","SARR2_Q1","C","C",72,0.63501953,0.6976024,6.92659789,8.14610167,0.73239437,0.05633803,8.98887e-05,NA,2.244606937
"MMB_Q1","C4A_Q1","M","M",106,0.40405032,0.5356188,4.52620239,6.46834913,0.71428571,0,1.12545e-05,NA,1.896739423
"MMB_Q1","ZWS6_Q1","M","M",147,0.37671583,0.56379969,4.91388627,8.22006564,0.73972603,0.02054795,6.9e-09,NA,2.125532284
"NEW_Q1","DEU_Q1","C","M",181,0.45332434,0.57428363,6.8233736,9.38536753,0.7,0.05555556,8.03e-08,NA,2.212820383
"NEW_Q1","POM4_Q1","M","C",95,0.47127587,0.52099666,5.18056956,5.8863084,0.70212766,0.06382979,8.87694e-05,NA,1.81175516
"NEW_Q1","SWP_Q1","C","C",113,0.56589201,0.60390743,7.26378164,7.98259073,0.71428571,0.07142857,5.7447e-06,NA,2.116452213
"NEW_Q1","VDMWL_Q1","M","M",123,-0.20164748,0.63686356,-2.27398096,9.08652716,0.73770492,0.04918033,1.512e-07,NA,2.283221196
"NOVY_Q1","IALP_Q1","C","M",109,0.37140973,0.55875004,4.15716935,6.96913493,0.71296296,0.02777778,9.584e-06,NA,1.968626493
"NOVY_Q2","600_Q1","M","C",85,0.38860348,0.61313291,3.86541135,7.07094904,0.72619048,0.03571429,3.38127e-05,NA,2.046418294
"NOVY_Q2","MEK_Q1","M","M",85,0.15515846,0.56314987,1.43948353,6.20864009,0.71428571,0.01190476,8.5683e-05,NA,1.898299589
"NWH_Q1","VEL_Q2","C","C",117,0.6427941,0.57483945,9.03753513,7.53357057,0.70689655,0.06896552,8.3236e-06,NA,2.035093057
"NWH_Q1","VOW_Q1","M","C",71,0.4622777,0.6665233,4.36172232,7.42679505,0.74285714,0.08571429,4.82849e-05,NA,2.152059945
"OFBG_Q1","HOL_TRRB","C","H",62,0.57289432,0.71127608,5.45911178,7.83812893,0.80327869,0.01639344,2.1652e-06,NA,2.298367663
"OSH_Q1","FLEV1_Q1","C","C",80,0.41936356,0.57573332,4.10587064,6.21881794,0.73417722,0.02531646,3.14334e-05,NA,1.931792334
"OSH_Q1","OSND_Q1","C","C",214,0.57586563,0.52363115,10.2801543,8.94915042,0.71830986,0.07981221,2e-10,NA,2.136856052
"OSND_Q1","BHC_Q1","M","C",184,0.37716209,0.54795774,5.50900965,8.8371797,0.7431694,0.03278689,0,NA,2.17484511
"OSND_Q1","DEU_Q1","M","C",59,0.46841711,0.62058829,4.0377231,5.97515653,0.75862069,0,8.17561e-05,NA,1.976724633
"OSND_Q1","EMP_Q1","M","C",155,0.34855683,0.62377271,4.61488695,9.87152651,0.71428571,0.06493506,1.047e-07,NA,2.325211071
"OSND_Q1","OSH_Q1","C","C",214,0.57586563,0.52363115,10.2801543,8.94915042,0.71830986,0.07981221,2e-10,NA,2.136856052
"OSND_Q1","VALK_Q2","M","C",192,0.38243888,0.53890028,5.7202602,8.81825271,0.70157068,0.04188482,2.53e-08,NA,2.122296231
"POM3_Q1","HOK_Q1","M","M",147,0.57907923,0.52315894,8.5824696,7.39193638,0.70547945,0.02054795,6.848e-07,NA,1.967832028
"POM4_Q1","DMN1_Q1","M","C",95,0.30055591,0.63293165,3.05526001,7.88389466,0.72340426,0.04255319,1.47782e-05,NA,2.144725376
"POM4_Q1","NEW_Q1","C","M",95,0.47127587,0.52099666,5.18056956,5.8863084,0.70212766,0.06382979,8.87694e-05,NA,1.81175516
"POM4_Q1","SWP_Q1","M","C",89,0.28253303,0.52126732,2.76296467,5.69732266,0.80681818,0.01136364,8.6e-09,NA,1.897817766
"RAT_Q1","ALC_Q3","C","C",72,0.47964833,0.57341889,4.60600479,5.85595895,0.73239437,0.05633803,8.98887e-05,NA,1.891409155
"RAT_Q1","IWRD_Q1","C","M",84,0.37613222,0.58073271,3.69830921,6.45964289,0.73493976,0.06024096,1.86218e-05,NA,1.961636759
"RAT_Q1","MAV_Q1","C","C",102,0.47695246,0.56485598,5.45358312,6.84516679,0.77227723,0.02970297,4.43e-08,NA,2.021649889
"SAND_Q1","HORB1_Q1","C","C",178,0.52465347,0.55415101,8.19914261,8.83169293,0.71751412,0.03954802,7.1e-09,NA,2.154834423
"SARR2_Q1","HOL_TRMB32","C","H",64,0.48729663,0.53596539,4.42926644,4.99881071,0.76190476,0.04761905,3.21596e-05,NA,1.797751221
"SARR2_Q1","METZ_Q3","C","C",72,0.63501953,0.6976024,6.92659789,8.14610167,0.73239437,0.05633803,8.98887e-05,NA,2.244606937
"SARR2_Q2","SARR6_Q1","M","M",151,0.69276712,0.55622476,11.76523066,8.17006959,0.72,0.02,7.09e-08,NA,2.093231719
"SARR6_Q1","HOL_MBRU","C","H",100,0.38588955,0.59608241,4.16191363,7.34928867,0.71717172,0.1010101,1.54858e-05,NA,2.048182997
"SARR6_Q1","HOL_TRRS","M","H",251,0.25879245,0.57738001,4.2361821,11.15881901,0.708,0.04,0,NA,2.401261911
"SARR6_Q1","SARR2_Q2","M","M",151,0.69276712,0.55622476,11.76523066,8.17006959,0.72,0.02,7.09e-08,NA,2.093231719
"SAUL_Q1","SILL_Q2","C","C",123,0.44990414,0.50247142,5.5643069,6.39281182,0.70491803,0.05737705,5.9887e-06,NA,1.846670632
"SAUL_Q1","TROY_Q1","C","C",123,0.60769893,0.60782119,8.45193754,8.41991268,0.7704918,0.04918033,2.3e-09,NA,2.220304258
"SILL_Q2","1TN_Q1","M","C",159,0.39246405,0.55734511,5.36352656,8.41102559,0.72151899,0.01265823,2.56e-08,NA,2.119966659
"SILL_Q2","C4A_Q1","C","M",123,0.26738448,0.52136136,3.06495335,6.72065273,0.70491803,0.04098361,5.9887e-06,NA,1.898344663
"SILL_Q2","DAMP_Q1","M","M",188,0.53953394,0.58199706,8.76286503,9.76078515,0.72727273,0.02673797,5e-10,NA,2.285348305
"SILL_Q2","FLEV1_Q1","M","C",80,0.58280378,0.71194598,6.37458892,8.95390228,0.72151899,0.02531646,8.22295e-05,NA,2.328855198
"SILL_Q2","HOL_MBUF","M","H",118,0.38848348,0.61634129,4.56027494,8.42968203,0.70940171,0.01709402,5.8969e-06,NA,2.168711203
"SILL_Q2","HOL_TRPB","C","H",68,0.40514271,0.62743798,3.62726111,6.5462299,0.7761194,0.04477612,6.1761e-06,NA,2.05818037
"SILL_Q2","HOL_TRRS","C","H",149,0.34159066,0.55345348,4.42159377,8.05670207,0.7027027,0.05405405,8.14e-07,NA,2.061826387
"SILL_Q2","SAUL_Q1","C","C",123,0.44990414,0.50247142,5.5643069,6.39281182,0.70491803,0.05737705,5.9887e-06,NA,1.846670632
"SILL_Q2","TROY_Q1","M","C",285,0.51105842,0.60143917,10.01983585,12.66433503,0.73239437,0.02816901,0,NA,2.600267043
"SPR_Q1","C5A_Q1","C","C",224,0.78229551,0.71771275,18.75425073,15.35699501,0.74439462,0.07174888,0,NA,2.997806871
"SPR_Q1","VDMM_Q1","M","C",147,0.43048775,0.50008916,5.76293372,6.95387096,0.70547945,0.02739726,6.848e-07,NA,1.900955706
"SPR_Q1","VDMWL_Q2","M","M",159,0.61434791,0.59889304,9.78693073,9.370425,0.74050633,0.0443038,1.5e-09,NA,2.27644187
"SPR_Q1","VEL_Q2","C","C",117,0.69487533,0.63537709,10.40706691,8.82367569,0.73275862,0.06896552,5.337e-07,NA,2.250503279
"STF_Q1","202_Q1","M","M",93,0.42561765,0.54443959,4.5114014,6.19172899,0.7173913,0.07608696,3.04215e-05,NA,1.881003789
"STF_Q1","CUY_Q1","C","M",102,0.32310623,0.57884208,3.43121869,7.09852741,0.71287129,0.04950495,1.88022e-05,NA,2.001566111
"SWP_Q1","BGA_Q1","M","C",84,0.26695703,0.50131293,2.52368269,5.24645759,0.72289157,0.03614458,4.88049e-05,NA,1.748850259
"SWP_Q1","NEW_Q1","C","C",113,0.56589201,0.60390743,7.26378164,7.98259073,0.71428571,0.07142857,5.7447e-06,NA,2.116452213
"SWP_Q1","POM4_Q1","C","M",89,0.28253303,0.52126732,2.76296467,5.69732266,0.80681818,0.01136364,8.6e-09,NA,1.897817766
"SWP_Q1","VOW_Q1","C","M",52,0.44960453,0.50902166,3.59462487,4.18159877,0.80392157,0,1.41921e-05,NA,1.731103107
"TROY_Q1","BOUX_Q1","M","M",193,0.23163127,0.50833188,3.29930614,8.15792207,0.72916667,0.03645833,2e-10,NA,2.053290757
"TROY_Q1","HOL_MBUF","C","H",124,0.20565149,0.52006764,2.3306013,6.72540245,0.71544715,0.04065041,1.763e-06,NA,1.908055035
"TROY_Q1","HOL_TITE","C","H",84,0.52101536,0.58416997,5.56111631,6.51759463,0.72289157,0.02409639,4.88049e-05,NA,1.958821003
"TROY_Q1","HOL_TRPB","M","H",68,0.35888884,0.58316855,3.14730422,5.83206354,0.79104478,0.01492537,1.8922e-06,NA,1.957419684
"TROY_Q1","ILLA_Q1","M","M",150,0.04042319,0.56711682,0.49383149,8.37659172,0.72483221,0.03355705,4.05e-08,NA,2.129608202
"TROY_Q1","SAUL_Q1","C","C",123,0.60769893,0.60782119,8.45193754,8.41991268,0.7704918,0.04918033,2.3e-09,NA,2.220304258
"TROY_Q1","SILL_Q2","C","M",285,0.51105842,0.60143917,10.01983585,12.66433503,0.73239437,0.02816901,0,NA,2.600267043
"VALK_Q1","VDM2W_Q1","C","M",127,0.29013213,0.60043457,3.40310414,8.39475027,0.71428571,0.03968254,1.504e-06,NA,2.154195307
"VALK_Q1","VDMLR_Q2","M","C",122,0.43657977,0.53211074,5.33795861,6.88455745,0.75206612,0.03305785,2.93e-08,NA,1.972632605
"VALK_Q1","VDMWL_Q3","M","M",98,0.27295569,0.62341049,2.79441515,7.81198574,0.73195876,0,4.8992e-06,NA,2.136567824
"VALK_Q1","VNW_Q1","M","M",126,0.76355613,0.86274853,13.2201779,19.00025637,0.84,0.032,0,NA,3.602774167
"VALK_Q1","VRW_Q1","C","C",127,0.55710587,0.57556699,7.53032934,7.86915086,0.71428571,0.05555556,1.504e-06,NA,2.076767786
"VALK_Q2","195_Q1","C","C",152,0.54021587,0.58867499,7.88838372,8.91889667,0.72847682,0.04635762,1.96e-08,NA,2.209041477
"VALK_Q2","1TN_Q1","M","C",207,0.34013543,0.62454454,5.19139088,11.44973195,0.73300971,0.05825243,0,NA,2.502527445
"VALK_Q2","HOL_MBUF","C","H",124,0.21164266,0.57018774,2.40163462,7.66624331,0.71544715,0.02439024,1.763e-06,NA,2.052259221
"VALK_Q2","HOL_MRBR","M","H",138,0.33044474,0.64199518,4.09795795,9.76496841,0.71532847,0.08759124,4.638e-07,NA,2.333820491
"VALK_Q2","HOL_TRRB","C","H",81,0.55273128,0.74678447,5.93234808,9.98030909,0.7625,0.0625,2.6564e-06,NA,2.507315379
"VALK_Q2","OSND_Q1","C","M",192,0.38243888,0.53890028,5.7202602,8.81825271,0.70157068,0.04188482,2.53e-08,NA,2.122296231
"VALK_Q2","VDM2W_Q1","M","C",207,0.36053227,0.64303837,5.54771341,12.02206847,0.7038835,0.08737864,4.8e-09,NA,2.549128717
"VALK_Q2","VDMLR_Q1","M","M",207,0.66728956,0.67431885,12.85905974,13.07455244,0.7184466,0.05339806,4e-10,NA,2.700220694
"VALK_Q2","VFH_Q2","C","C",207,0.50909603,0.56200105,8.48939246,9.72829787,0.70873786,0.0631068,2.1e-09,NA,2.243568697
"VALK_Q2","VNW_Q1","C","C",207,0.83764136,0.84460929,22.01018269,22.58749423,0.89320388,0.03398058,0,NA,3.996562593
"VDM2W_Q1","1TN_Q1","C","C",255,0.57100345,0.5708097,11.08511283,11.05770173,0.70472441,0.06299213,1e-10,NA,2.381304283
"VDM2W_Q1","HOK_Q1","M","C",83,0.3243698,0.53461187,3.10519,5.69343254,0.7195122,0.03658537,7.02212e-05,NA,1.823467324
"VDM2W_Q1","VALK_Q1","M","C",127,0.29013213,0.60043457,3.40310414,8.39475027,0.71428571,0.03968254,1.504e-06,NA,2.154195307
"VDM2W_Q1","VALK_Q2","C","M",207,0.36053227,0.64303837,5.54771341,12.02206847,0.7038835,0.08737864,4.8e-09,NA,2.549128717
"VDM2W_Q1","VDMLR_Q1","C","M",235,0.31656733,0.67079298,5.10510427,13.80608685,0.70512821,0.07692308,3e-10,NA,2.756529875
"VDM2W_Q1","VDMLR_Q2","M","C",122,0.32194854,0.62711899,3.74059371,8.81953703,0.74380165,0.04132231,8.16e-08,NA,2.252874343
"VDM2W_Q1","VDMWL_Q1","M","M",123,-0.32883814,0.60009779,-3.84602778,8.25210119,0.72131148,0.04098361,1.0139e-06,NA,2.146619389
"VDM2W_Q1","VDMWL_Q3","M","M",98,0.24835692,0.58680843,2.52514845,7.10058257,0.71134021,0.02061856,3.14204e-05,NA,2.008206897
"VDM2W_Q1","VNW_Q1","M","M",227,0.20975626,0.70249813,3.225074,14.80635835,0.72566372,0.05752212,0,NA,2.908797685
"VDM2W_Q1","VRW_Q1","M","C",167,0.30176148,0.59127801,4.07802823,9.41773925,0.72891566,0.04819277,3.7e-09,NA,2.261967595
"VDMLR_Q1","VALK_Q2","M","M",207,0.66728956,0.67431885,12.85905974,13.07455244,0.7184466,0.05339806,4e-10,NA,2.700220694
"VDMLR_Q1","VDM2W_Q1","M","C",235,0.31656733,0.67079298,5.10510427,13.80608685,0.70512821,0.07692308,3e-10,NA,2.756529875
"VDMLR_Q1","VNW_Q1","M","C",208,0.43618144,0.6809525,6.97393685,13.34581283,0.7294686,0.05797101,0,NA,2.745002383
"VDMLR_Q2","068_Q3","C","M",89,0.3924021,0.62791099,4.00204706,7.52521593,0.76136364,0.04545455,9.409e-07,NA,2.141796223
"VDMLR_Q2","VALK_Q1","C","M",122,0.43657977,0.53211074,5.33795861,6.88455745,0.75206612,0.03305785,2.93e-08,NA,1.972632605
"VDMLR_Q2","VDM2W_Q1","C","M",122,0.32194854,0.62711899,3.74059371,8.81953703,0.74380165,0.04132231,8.16e-08,NA,2.252874343
"VDMLR_Q2","VNW_Q1","C","M",121,0.49561657,0.63330772,6.25094821,8.92695544,0.74166667,0.05,1.192e-07,NA,2.267669934
"VDMM_Q1","ALC_Q1","C","C",177,0.50784928,0.57220863,7.82101554,9.23001346,0.71022727,0.03977273,2.43e-08,NA,2.205437246
"VDMM_Q1","IJS_Q1","M","C",137,0.43802325,0.53489753,5.68230439,7.3556908,0.70588235,0.02941176,1.5712e-06,NA,1.97634896
"VDMM_Q1","SPR_Q1","C","M",147,0.43048775,0.50008916,5.76293372,6.95387096,0.70547945,0.02739726,6.848e-07,NA,1.900955706
"VDMWL_Q1","NEW_Q1","M","M",123,-0.20164748,0.63686356,-2.27398096,9.08652716,0.73770492,0.04918033,1.512e-07,NA,2.283221196
"VDMWL_Q1","VDM2W_Q1","M","M",123,-0.32883814,0.60009779,-3.84602778,8.25210119,0.72131148,0.04098361,1.0139e-06,NA,2.146619389
"VDMWL_Q1","VNW_Q1","C","C",122,0.62892965,0.61202749,8.89847245,8.47763778,0.70247934,0.02479339,8.4071e-06,NA,2.162270608
"VDMWL_Q2","C5A_Q1","M","M",159,0.54992471,0.63173639,8.27625557,10.21130661,0.74683544,0.03797468,5e-10,NA,2.399702491
"VDMWL_Q2","SPR_Q1","M","M",159,0.61434791,0.59889304,9.78693073,9.370425,0.74050633,0.0443038,1.5e-09,NA,2.27644187
"VDMWL_Q2","WOS7_Q2","M","C",159,0.41538553,0.66512073,5.7399453,11.16049127,0.70886076,0.07594937,1.515e-07,NA,2.490030617
"VDMWL_Q2","ZWS6_Q2","M","M",159,0.63293299,0.66902195,10.27612591,11.27871381,0.7278481,0.06962025,1.02e-08,NA,2.524741431
"VDMWL_Q3","IWRD_Q1","M","C",82,0.36725259,0.51275149,3.55359402,5.34186457,0.74074074,0.01234568,1.46868e-05,NA,1.787678687
"VDMWL_Q3","VALK_Q1","M","M",98,0.27295569,0.62341049,2.79441515,7.81198574,0.73195876,0,4.8992e-06,NA,2.136567824
"VDMWL_Q3","VDM2W_Q1","M","M",98,0.24835692,0.58680843,2.52514845,7.10058257,0.71134021,0.02061856,3.14204e-05,NA,2.008206897
"VDMWL_Q3","VNW_Q1","M","C",97,0.45445789,0.58652045,4.998786,7.05821861,0.70833333,0.03125,4.45571e-05,NA,2.000675641
"VEL_Q1","DIF_Q1","M","M",109,0.07422844,0.51391121,0.77353859,6.19686422,0.72222222,0.02777778,3.8596e-06,NA,1.855819852
"VEL_Q2","ALC_Q1","C","M",117,0.48808589,0.71384824,6.02299764,10.93126482,0.78448276,0.03448276,9e-10,NA,2.591457482
"VEL_Q2","C5A_Q1","C","C",117,0.66577832,0.67553246,9.61020687,9.82501211,0.70689655,0.03448276,8.3236e-06,NA,2.364930221
"VEL_Q2","NWH_Q1","C","C",117,0.6427941,0.57483945,9.03753513,7.53357057,0.70689655,0.06896552,8.3236e-06,NA,2.035093057
"VEL_Q2","SPR_Q1","C","C",117,0.69487533,0.63537709,10.40706691,8.82367569,0.73275862,0.06896552,5.337e-07,NA,2.250503279
"VEN_Q1","1TN_Q1","C","C",180,0.6947204,0.7228504,12.92226523,13.95653204,0.75418994,0.06145251,0,NA,2.872693544
"VEN_Q1","HOL_TRRB","C","H",68,0.3662437,0.64958998,3.2216795,6.94120736,0.76119403,0.02985075,1.90341e-05,NA,2.104904746
"VEND_Q1","DAMP_Q1","C","M",220,0.35641228,0.5355654,5.64514342,9.36363154,0.71689498,0.0456621,1e-10,NA,2.188823534
"VEND_Q1","HOL_TITE","C","H",84,0.44264638,0.55807446,4.49728705,6.09018414,0.72289157,0.04819277,4.88049e-05,NA,1.889984444
"VEND_Q1","WARC_Q1","M","M",104,0.34240265,0.54629306,3.69857391,6.58706811,0.70873786,0.00970874,2.26611e-05,NA,1.913737731
"VEND_Q3","HOL_MBUF","C","H",78,0.38104095,0.55025297,3.61645256,5.74491699,0.72727273,0,6.64587e-05,NA,1.852017399
"VEND_Q3","HOL_TITE","C","H",84,0.49753896,0.54018957,5.22547622,5.81268273,0.72289157,0.01204819,4.88049e-05,NA,1.844349413
"VFH_Q1","BECRWE","C","B",170,0.34158907,0.53078439,4.72486104,8.1176354,0.72781065,0.04733728,3.2e-09,NA,2.07035858
"VFH_Q2","068_Q1","M","C",233,0.37708002,0.73510746,6.2012865,16.48005911,0.74568966,0.06896552,0,NA,3.128803031
"VFH_Q2","195_Q1","M","M",169,0.16942065,0.59790842,2.22815316,9.6394993,0.70238095,0.04166667,1.552e-07,NA,2.2642393
"VFH_Q2","202_Q1","C","C",101,0.57800626,0.6286828,7.08312938,8.04374671,0.71,0.04,2.66915e-05,NA,2.143057471
"VFH_Q2","C4A_Q1","C","C",302,0.58865499,0.63305889,12.63357222,14.16464292,0.73754153,0.03322259,0,NA,2.787064712
"VFH_Q2","DMN1_Q3","C","C",216,0.66113343,0.67505554,12.92086901,13.38527265,0.73023256,0.04651163,0,NA,2.743815365
"VFH_Q2","HOL_KBMB","C","H",313,0.40948669,0.64786564,7.92814809,14.99857635,0.70192308,0.04166667,0,NA,2.849646355
"VFH_Q2","HOL_MBRU","M","H",100,0.72037828,0.73382222,10.33429326,10.69339746,0.71717172,0.08080808,1.54858e-05,NA,2.520333686
"VFH_Q2","HOL_MBUF","C","H",124,0.34270367,0.68484569,4.04576469,10.38080311,0.7398374,0.04065041,1.039e-07,NA,2.462763401
"VFH_Q2","HOL_MRBR","C","H",138,0.38903449,0.68159357,4.94291932,10.86284294,0.75182482,0.05839416,3.7e-09,NA,2.519702684
"VFH_Q2","HOL_TRRB","M","H",98,-0.18718544,0.72813751,-1.87673482,10.40842999,0.79381443,0.03092784,7.1e-09,NA,2.562794939
"VFH_Q2","HOL_TRRS","C","H",262,0.42128707,0.61943169,7.5045713,12.72279299,0.70498084,0.03831418,0,NA,2.596691829
"VFH_Q2","VALK_Q2","C","C",207,0.50909603,0.56200105,8.48939246,9.72829787,0.70873786,0.0631068,2.1e-09,NA,2.243568697
"VIGN_Q1","FLEV1_Q2","C","M",63,0.37588378,0.5341267,3.19393317,4.93451734,0.75806452,0.03225806,4.8238e-05,NA,1.785642954
"VIGO_Q1","FLEV1_Q1","C","C",61,0.72394278,0.77454568,8.12865863,9.4058958,0.8,0.05,3.3585e-06,NA,2.51513526
"VNW_Q1","1TN_Q1","C","C",227,0.62363921,0.64119182,11.99335486,12.53338546,0.72566372,0.04867257,0,NA,2.620194086
"VNW_Q1","HOL_MRBR","C","H",138,0.22279353,0.60033426,2.67496492,8.75404491,0.75182482,0.04379562,3.7e-09,NA,2.227563571
"VNW_Q1","HOL_TRRB","M","H",81,0.16493729,0.66125322,1.49572935,7.83476251,0.725,0.0625,5.69941e-05,NA,2.169729471
"VNW_Q1","VALK_Q1","M","M",126,0.76355613,0.86274853,13.2201779,19.00025637,0.84,0.032,0,NA,3.602774167
"VNW_Q1","VALK_Q2","C","C",207,0.83764136,0.84460929,22.01018269,22.58749423,0.89320388,0.03398058,0,NA,3.996562593
"VNW_Q1","VDM2W_Q1","M","M",227,0.20975626,0.70249813,3.225074,14.80635835,0.72566372,0.05752212,0,NA,2.908797685
"VNW_Q1","VDMLR_Q1","C","M",208,0.43618144,0.6809525,6.97393685,13.34581283,0.7294686,0.05797101,0,NA,2.745002383
"VNW_Q1","VDMLR_Q2","M","C",121,0.49561657,0.63330772,6.25094821,8.92695544,0.74166667,0.05,1.192e-07,NA,2.267669934
"VNW_Q1","VDMWL_Q1","C","C",122,0.62892965,0.61202749,8.89847245,8.47763778,0.70247934,0.02479339,8.4071e-06,NA,2.162270608
"VNW_Q1","VDMWL_Q3","C","M",97,0.45445789,0.58652045,4.998786,7.05821861,0.70833333,0.03125,4.45571e-05,NA,2.000675641
"VNW_Q1","VRW_Q1","M","C",166,0.45705737,0.62522467,6.60081249,10.25925503,0.73333333,0.05454545,2e-09,NA,2.384483503
"VOW_Q1","ALC_Q1","M","C",78,0.49580645,0.53475893,5.00980929,5.51703499,0.75324675,0.01298701,8.8112e-06,NA,1.839709179
"VOW_Q1","IWRD_Q1","M","M",76,0.04792916,0.50000567,0.41555625,4.96662995,0.73333333,0.02666667,5.31213e-05,NA,1.730001995
"VOW_Q1","NWH_Q1","C","M",71,0.4622777,0.6665233,4.36172232,7.42679505,0.74285714,0.08571429,4.82849e-05,NA,2.152059945
"VOW_Q1","SWP_Q1","M","C",52,0.44960453,0.50902166,3.59462487,4.18159877,0.80392157,0,1.41921e-05,NA,1.731103107
"VRIG_Q1","563_Q1","M","C",96,0.48720121,0.54738677,5.43765684,6.34154615,0.70526316,0.05263158,6.29913e-05,NA,1.886804545
"VRIG_Q1","MAP_Q1","M","C",121,0.44858067,0.51425091,5.49817858,6.54099225,0.725,0.05,8.244e-07,NA,1.893350135
"VRW_Q1","1GDGem","C","M",167,0.31385879,0.54951644,4.25899604,8.44860666,0.70481928,0.04216867,1.307e-07,NA,2.099196386
"VRW_Q1","VALK_Q1","C","C",127,0.55710587,0.57556699,7.53032934,7.86915086,0.71428571,0.05555556,1.504e-06,NA,2.076767786
"VRW_Q1","VDM2W_Q1","C","M",167,0.30176148,0.59127801,4.07802823,9.41773925,0.72891566,0.04819277,3.7e-09,NA,2.261967595
"VRW_Q1","VNW_Q1","C","M",166,0.45705737,0.62522467,6.60081249,10.25925503,0.73333333,0.05454545,2e-09,NA,2.384483503
"VZS_Q1","C5A_Q1","M","M",136,0.62812566,0.65189927,9.37932007,9.95150236,0.74814815,0.05185185,8.1e-09,NA,2.395197656
"WARC_Q1","VEND_Q1","M","M",104,0.34240265,0.54629306,3.69857391,6.58706811,0.70873786,0.00970874,2.26611e-05,NA,1.913737731
"WOS7_Q1","HOL_KORH","C","H",85,0.32938441,0.54944783,3.19727924,5.99107134,0.71428571,0,8.5683e-05,NA,1.862840674
"WOS7_Q1","HOL_TMB12","C","H",87,0.44276575,0.64003508,4.57937729,7.67991796,0.72093023,0.04651163,4.17374e-05,NA,2.128957106
"WOS7_Q1","ZWS4_Q1","C","M",276,0.37591112,0.58235158,6.72718089,11.85778638,0.71636364,0.04,0,NA,2.484493858
"WOS7_Q1","ZWS6_Q1","C","C",341,0.7936048,0.82830415,24.05085807,27.21984015,0.79411765,0.03823529,0,NA,4.344405815
"WOS7_Q2","ALC_Q3","M","C",72,0.54447373,0.61566951,5.46964481,6.53684189,0.73239437,0.04225352,8.98887e-05,NA,2.001748069
"WOS7_Q2","C5A_Q1","M","M",220,0.53519215,0.55435589,9.37591571,9.83439394,0.70776256,0.02739726,8e-10,NA,2.245557844
"WOS7_Q2","VDMWL_Q2","C","M",159,0.41538553,0.66512073,5.7399453,11.16049127,0.70886076,0.07594937,1.515e-07,NA,2.490030617
"ZLF_Q1","CAO_Q1","C","C",243,0.42987188,0.56087022,7.40648128,10.51698038,0.71900826,0.0661157,0,NA,2.331576518
"ZWS4_Q1","WOS7_Q1","M","C",276,0.37591112,0.58235158,6.72718089,11.85778638,0.71636364,0.04,0,NA,2.484493858
"ZWS6_Q1","563_Q1","M","M",319,0.56511568,0.60529695,12.21492561,13.53895617,0.70125786,0.04402516,0,NA,2.660450427
"ZWS6_Q1","HOL_AAHO","C","H",187,0.42593547,0.60649226,6.42051679,10.37516872,0.7311828,0.03225806,3e-10,NA,2.375191932
"ZWS6_Q1","MMB_Q1","M","M",147,0.37671583,0.56379969,4.91388627,8.22006564,0.73972603,0.02054795,6.9e-09,NA,2.125532284
"ZWS6_Q1","WOS7_Q1","C","C",341,0.7936048,0.82830415,24.05085807,27.21984015,0.79411765,0.03823529,0,NA,4.344405815
"ZWS6_Q2","ALC_Q3","C","M",72,0.43841042,0.52730542,4.11016363,5.19227877,0.76056338,0.04225352,1.12783e-05,NA,1.807096677
"ZWS6_Q2","VDMWL_Q2","M","M",159,0.63293299,0.66902195,10.27612591,11.27871381,0.7278481,0.06962025,1.02e-08,NA,2.524741431
